{
    "TT_hs_0": 150.27170186571209,
    "cohort_delays": {
        "1": 0,
        "3": 1.9,
        "4": 2.5,
        "5": 3.2,
        "6": 4.3,
        "7": 5.5,
        "8": 6.9,
        "9": 9.16,
        "10": 11.9,
        "11": 15.4,
        "12": 20.1,
        "13": 26.1
    },
    "dHS_nff": 4889.3987874279637,
    "dTT_cohort": {
        "first": 30,
        "increment": 10
    },
    "inner_parameters": {},
    "mean_nff": 11.28888888888889,
    "phyllochron": 91.446004686736103,
    "std_TT_hs_0": 12.694506281836279
}