{
    "TT_hs_0": 65.733370643980095,
    "cohort_delays": {
        "1": 0,
        "3": 1.9,
        "4": 2.5,
        "5": 3.2,
        "6": 4.3,
        "7": 5.5,
        "8": 6.9,
        "9": 9.16,
        "10": 11.9,
        "11": 15.4,
        "12": 20.1,
        "13": 26.1
    },
    "dHS_nff": 982.89310339733368,
    "dTT_cohort": {
        "first": 30,
        "increment": 10
    },
    "inner_parameters": {},
    "mean_nff": 11.24,
    "phyllochron": 114.13979724078415,
    "std_TT_hs_0": 18.275632401299777
}