{
    "TT_hs_0": 200.29560862306414,
    "cohort_delays": {
        "1": 0,
        "3": 1.9,
        "4": 2.5,
        "5": 3.2,
        "6": 4.3,
        "7": 5.5,
        "8": 6.9,
        "9": 9.16,
        "10": 11.9,
        "11": 15.4,
        "12": 20.1,
        "13": 26.1
    },
    "dHS_nff": 2806.9522964211033,
    "dTT_cohort": {
        "first": 30,
        "increment": 10
    },
    "inner_parameters": {},
    "mean_nff": 11.67741935483871,
    "phyllochron": 108.82747166148548,
    "std_TT_hs_0": 18.253164462429655
}