{
    "TT_hs_0": 228.48572450449279,
    "cohort_delays": {
        "1": 0,
        "3": 1.9,
        "4": 2.5,
        "5": 3.2,
        "6": 4.3,
        "7": 5.5,
        "8": 6.9,
        "9": 9.16,
        "10": 11.9,
        "11": 15.4,
        "12": 20.1,
        "13": 26.1
    },
    "dHS_nff": 8467.3664944109951,
    "dTT_cohort": {
        "first": 30,
        "increment": 10
    },
    "inner_parameters": {},
    "mean_nff": 12.633333333333333,
    "phyllochron": 90.474101765262063,
    "std_TT_hs_0": 29.811637836070911
}